FIPS,nickel (elemental)_label,polycyclic aromatic compounds_label,"benzo[g,h,i]perylene_label",naphthalene_label,chromium (elemental)_label,nickel compounds_label,benzene_label,chromium compounds_label,cumene_label,xylene (mixed isomers)_label,ethylbenzene_label,toluene_label,styrene_label,arsenic compounds_label,formaldehyde_label,p-xylene_label,"1,3-phenylenediamine_label",phenanthrene_label,vinyl chloride_label,cadmium (elemental)_label,o-xylene_label,m-xylene_label,arsenic (elemental)_label,cadmium compounds_label,Count,Population,Rate_per_1M
06001,1.0,0.0,1.0,1.0,,1.0,,0.0,1.0,,1.0,1.0,0.0,,,,,,,,,,,,29,1864252.0,15.555836871839215
06005,,,,,,,,0.0,,,,,,,,,,,,,,,,,1,40750.0,24.539877300613497
06011,,,,,,,,,,,,,1.0,,,,,,,,,,,,0,33685.0,0.0
06013,1.0,1.0,1.0,1.0,,1.0,1.0,1.0,1.0,1.0,1.0,1.0,0.0,,,,,0.0,,,,,,,15,1394903.0,10.753435901994619
06019,0.0,0.0,,,,1.0,,1.0,,,,,1.0,,,,,,,,,,,,17,1065894.0,15.949053095335934
06021,,,,,0.0,,,,,,,,1.0,,,,,,,,,,,,2,29967.0,66.74008075549771
06029,0.0,1.0,1.0,1.0,0.0,1.0,0.0,1.0,1.0,1.0,1.0,1.0,1.0,,0.0,,,,,,,,,,20,1009496.0,19.811866515568166
06031,,0.0,0.0,1.0,,1.0,,1.0,,,,,,,,,,0.0,,,,,,,2,256175.0,7.807163072118669
06033,,1.0,,,,,,,,,,,,,,,,,,,,,,,0,69896.0,0.0
06035,,,,,,,0.0,0.0,,0.0,,0.0,,,,,,,,,,,,,1,34940.0,28.620492272467086
06037,1.0,1.0,1.0,1.0,0.0,1.0,1.0,1.0,1.0,1.0,1.0,1.0,1.0,0.0,0.0,,0.0,1.0,,,0.0,,0.0,0.0,151,10537030.0,14.330413788325552
06039,0.0,,,,1.0,0.0,,0.0,,,,,1.0,,,,,,,,,,,,1,250420.0,3.993291270665282
06047,,0.0,,,,,,,,0.0,,0.0,1.0,,,,,,,,,,,,7,377388.0,18.548549503428834
06057,,0.0,,,,,,,,,,,,,,,,,,,,,,,2,118541.0,16.87179963050759
06059,0.0,,,0.0,,1.0,,1.0,,1.0,1.0,0.0,1.0,,0.0,,,,,,,,,,55,3378095.0,16.281365680953318
06061,,0.0,0.0,,,0.0,,0.0,,,,,,,,,,,,,,,,,12,434707.0,27.604800474802566
06065,,0.0,1.0,1.0,,0.0,,1.0,,1.0,1.0,0.0,1.0,,,,,,,,,,,,36,2773517.0,12.979909623773715
06067,,,,0.0,,0.0,,0.0,,0.0,,0.0,,,,,,,,,,,,,26,1642557.0,15.82897884213455
06069,,,,,,1.0,,1.0,,,,,,,,,,,,,,,,,0,68338.0,0.0
06071,,0.0,1.0,1.0,0.0,1.0,0.0,1.0,0.0,1.0,1.0,0.0,1.0,,,,,,,,,,,,30,2568172.0,11.681460587530742
06073,0.0,0.0,1.0,1.0,0.0,0.0,0.0,0.0,,1.0,1.0,1.0,0.0,,,,,,,,,,,,46,3341751.0,13.765238642855198
06075,,0.0,,,,,,,,,,,,,,,,,,,,,,,7,922610.0,7.587171177420579
06077,,0.0,0.0,1.0,1.0,1.0,0.0,1.0,0.0,0.0,0.0,0.0,,,,,,,,,,,,,20,872652.0,22.91864339965989
06079,0.0,0.0,1.0,0.0,,0.0,0.0,,0.0,0.0,0.0,0.0,0.0,,,,,,,,,,,,2,386628.0,5.17293108621207
06083,,0.0,,0.0,,,,,,0.0,0.0,0.0,,,,,,,,,,,,,1,449991.0,2.2222666675555733
06085,0.0,0.0,0.0,0.0,0.0,0.0,0.0,,0.0,0.0,0.0,0.0,,,0.0,,,,,,,,,,25,2171161.0,11.51457676330774
06087,,1.0,,,,,,,,,,,,,,,,,,,,,,,7,289843.0,24.151005889395293
06089,,0.0,0.0,,,,,0.0,,,,,,,,,,,,,,,,,6,194039.0,30.921618849818852
06095,,0.0,0.0,1.0,,0.0,1.0,0.0,1.0,1.0,1.0,1.0,,,,,,,,,,,,,6,629994.0,9.523900227621215
06097,,0.0,1.0,0.0,,,0.0,,0.0,0.0,0.0,0.0,,,,,,,,,,,,,7,527447.0,13.271475617455403
06099,,,,0.0,1.0,0.0,0.0,0.0,,1.0,1.0,0.0,0.0,0.0,,,,,,,,,,,15,625836.0,23.967940482810192
06107,,,,,,0.0,0.0,1.0,,0.0,,,,,1.0,,,,,,,,,,7,679101.0,10.307745092408934
06111,,,,0.0,,0.0,0.0,0.0,,0.0,0.0,0.0,,,,,,,,,,,,,11,1002355.0,10.97415586294277
06113,,0.0,,,,1.0,,0.0,,0.0,,,1.0,,,,,,,,,,,,2,245508.0,8.146374048910829
06115,,0.0,,,,,,,,,,,,,,,,,,,,,,,1,116478.0,8.585312247806453
13001,,,,,,,,,,,,,,,0.0,,,,,,,,,,0,41430.0,0.0
13003,,,,,,,,,,,,,,,1.0,,,,,,,,,,0,17313.0,0.0
13013,,,,0.0,,,,1.0,,,,,,,0.0,,,,,,,,,,3,160501.0,18.69147232727522
13015,1.0,,,0.0,1.0,,,,,,,,0.0,,0.0,,,,,,,,1.0,,5,265262.0,18.849288627847187
13017,,,,,,,,0.0,,,,,,,,,,,,,,,,,0,26614.0,0.0
13019,,,,,,,,,,,,,1.0,,,,,,,,,,,,0,64165.0,0.0
13021,,1.0,1.0,0.0,,,1.0,1.0,0.0,0.0,0.0,0.0,,,1.0,,,,,,,,,,3,179634.0,16.700624603360165
13027,,,,,,,,,,,,,,,0.0,,,,,,,,,,0,65886.0,0.0
13029,,,,,,,,0.0,,,0.0,1.0,0.0,,,,,,,,,,,,1,56395.0,17.732068445784204
13031,,,,,,0.0,,0.0,,,,,,,,,,,,,,,,,1,118893.0,8.410924108231772
13033,,,,0.0,,,,,,,,,,,,,,,,,,,,,0,78638.0,0.0
13039,,1.0,1.0,,,,,,,,,,,,,,,,,,,,,,1,68404.0,14.619028127010116
13045,,1.0,,,,,,0.0,,1.0,1.0,1.0,,,,,,,,,,,,,1,162666.0,6.147566178549912
13047,,,,,,,,0.0,,,,,,,,,,,,,,,,,1,120501.0,8.298686317955868
13051,,1.0,1.0,,,0.0,,0.0,,0.0,,1.0,,0.0,1.0,,,,,,,,,,2,299127.0,6.68612328542726
13053,,,,,,0.0,,0.0,,,,,,,,,,,,,,,,,0,16727.0,0.0
13057,,,,,,0.0,,1.0,,,,,1.0,,,,,,,,,,,,1,706202.0,1.4160254431451624
13059,,0.0,,,,1.0,,1.0,,1.0,1.0,0.0,,,,,,,,,,,,,0,156716.0,0.0
13063,,0.0,0.0,,,,,,,0.0,0.0,0.0,0.0,,,,,,,,,,,,1,550712.0,1.8158311422304216
13065,,,,,,,,,,0.0,,,,,,,,,,,,,,,0,19011.0,0.0
13067,,1.0,,1.0,,0.0,,1.0,,1.0,1.0,0.0,0.0,,0.0,,,,,,,,,,14,1032407.0,13.56054346783778
13069,1.0,,,,,1.0,,1.0,,,,0.0,0.0,,,,,,,,,,,,0,62297.0,0.0
13073,,0.0,0.0,0.0,,0.0,,0.0,,,,,,,,,,,,,,,,,6,233524.0,25.693290625374694
13075,,,,0.0,,,,,,,,,,,,,,,,,,,,,0,31684.0,0.0
13077,,,,,,0.0,,,,0.0,,0.0,0.0,,,,,,,,,,,,1,174617.0,5.726819267310743
13081,,1.0,,0.0,0.0,1.0,,,,0.0,,,,,1.0,,,,,,,,0.0,,0,28529.0,0.0
13087,,1.0,0.0,,,,,0.0,,,,,,,,,,,,,,,,,0,47540.0,0.0
13089,,0.0,0.0,0.0,,1.0,1.0,1.0,0.0,0.0,0.0,0.0,0.0,1.0,,,,,,,,,,,11,1178504.0,9.333867343683178
13091,,,,,0.0,,,,,,,,,,,,,,,,,,,,0,49371.0,0.0
13093,,0.0,0.0,,,,,,,,,,,,,,,,,,,,,,0,48374.0,0.0
13095,,,,0.0,,,0.0,,0.0,0.0,0.0,0.0,,,,,,,,,,,,,3,140182.0,21.40075045298255
13097,,1.0,1.0,,,,,0.0,,,,,,,,,,,,,,,,,4,310074.0,12.900146416661828
13099,,1.0,1.0,1.0,0.0,,,,,1.0,,,,,1.0,,,,,,,,,,1,26816.0,37.29116945107399
13103,,0.0,,0.0,,1.0,,,,,,,,,,,,,,,,,,,1,90718.0,11.023170704821535
13113,,0.0,0.0,,,0.0,,0.0,,,,1.0,,,,,,,,,,,,,2,224350.0,8.914642299977714
13115,,1.0,,,,0.0,,0.0,,1.0,,,0.0,0.0,1.0,,,,,,,,,,3,207296.0,14.4720592775548
13117,,,,,,,,0.0,,,,,,,,,,,,,,,,,10,521982.0,19.157748734630694
13119,,,,,,1.0,,1.0,,,,,,,,,,,,,,,,,0,77969.0,0.0
13121,,1.0,0.0,1.0,,0.0,,1.0,,1.0,1.0,1.0,0.0,,,,,,,,,,,,7,1507882.0,4.642273069112835
13127,,1.0,1.0,,,0.0,,,,,,,,,1.0,,,,,,,,,,2,92858.0,21.538262723728703
13129,,,,,,0.0,,1.0,,,,,,,,,,,,,,,,,1,172233.0,5.806088264153791
13131,,,,,,,,,,,,,1.0,,,,,,,,,,,,0,74617.0,0.0
13133,,,,,,,,0.0,,,,,,,,,,,,,,,,,0,54540.0,0.0
13135,,0.0,0.0,,,1.0,,1.0,,,,,1.0,,0.0,,,,,,,,,,15,1381511.0,10.857676848030888
13137,,,,,,1.0,,1.0,,,,1.0,,,,,,,,,,,,,0,76874.0,0.0
13139,,,,,,1.0,,1.0,,1.0,1.0,0.0,1.0,,,,,,,,,,,,3,429335.0,6.987550514167259
13151,,0.0,,,,,,0.0,,,,,,,,,,,,,,,,0.0,7,440758.0,15.881731017928207
13153,,0.0,0.0,0.0,,,0.0,0.0,,1.0,,1.0,,,,,,,,,,,,,3,209980.0,14.287074959519954
13157,,,,0.0,,1.0,,0.0,,,,,0.0,,1.0,,,,,,,,,,2,221324.0,9.036525636623232
13171,,,,,,,,,,,,,,,0.0,,,,,,,,,,1,98909.0,10.110303410205342
13175,,,,,,0.0,,0.0,,1.0,,1.0,,,,,,,,,,,,,1,76237.0,13.116990437713971
13179,,1.0,1.0,,,1.0,,1.0,,,,,,,0.0,,,,,,,,,,2,79728.0,25.085289985952237
13185,1.0,,,0.0,,,,,,0.0,0.0,0.0,1.0,,1.0,,,,,1.0,,,,,0,136166.0,0.0
13187,,,,,,,,0.0,,,,,,,,,,,,,,,,,0,110308.0,0.0
13189,,,,,,,,0.0,,,,,,0.0,,,,,,,,,,,1,42400.0,23.58490566037736
13193,,,,,,,,,,,,,,,1.0,,,,,,,,,,0,64576.0,0.0
13207,1.0,,,0.0,1.0,,,,,,,,,,,,,,,,,,,,1,114283.0,8.750207817435664
13213,,,,,,,,0.0,,,,,,,,,,,,,,,,,2,116349.0,17.18966213719069
13215,,,,0.0,,1.0,0.0,1.0,0.0,0.0,0.0,0.0,,,,,,,,,,,,,4,231704.0,17.26340503400891
13217,1.0,,,,,0.0,,0.0,,,,,0.0,,,,,,,,,,,,0,300672.0,0.0
13221,,,,,,,,,,,,,,,0.0,,,,,,,,,,0,33695.0,0.0
13223,,,,,,,,0.0,,,,,,,,,,,,,,,,,1,422556.0,2.366550232395233
13225,,,,,,,,,,,,1.0,,,,,,,,,,,,,1,63928.0,15.642597922662995
13227,,,,,,1.0,,1.0,,,,,,,,,,,,,,,,,0,123359.0,0.0
13229,,,,,0.0,,,0.0,,,,,1.0,,,,,,,,,,0.0,,0,52698.0,0.0
13233,,,,1.0,,,,,,0.0,1.0,1.0,,,0.0,,,,,,,,,,2,72792.0,27.475546763380592
13245,,,,,,0.0,,0.0,,,,,0.0,,1.0,,,,,,,,,,2,298409.0,6.702210724207379
13247,,0.0,,,,,,0.0,,,,1.0,,,,,,,,,,,,,1,497275.0,2.010959730531396
13249,,,,,1.0,,,,,,,,,,,,,,,,,,,,0,25821.0,0.0
13251,,,,,,,,0.0,,,,,,,,,,,,,,,,,0,23661.0,0.0
13255,,,,,,0.0,,0.0,,,,,,,,,,,,,,,,,0,155335.0,0.0
13257,,,,,,0.0,,0.0,,,,,,,,,,,,,,,,,1,34130.0,29.29973630237328
13261,,,,,,,,,,,,,0.0,,,,,,,,,,,,1,35651.0,28.049704075622003
13269,,,,,,,,0.0,,,,,,,,,,,,,,,,,0,14668.0,0.0
13275,,,,,,0.0,,1.0,,,,,0.0,,,,,,,,,,,,0,75350.0,0.0
13277,,,,,,0.0,,0.0,,,,,,,,,,,,,,,,,1,57560.0,17.373175816539263
13279,,,,,0.0,,,,,,,,,,,,,,,,,,0.0,,0,40062.0,0.0
13285,0.0,,,,,1.0,1.0,0.0,,1.0,1.0,1.0,,,,,,,,,,,,,2,91424.0,21.876093804690235
13293,,,,0.0,,,,,,,,,,,,,,,,,,,,,0,46034.0,0.0
13295,0.0,,,,,,,0.0,,,,,,,,,,,,,,,,,0,169710.0,0.0
13297,,1.0,1.0,,,0.0,,0.0,,,0.0,,,,,,,,,,,,,,3,297626.0,10.079764536700422
13299,,1.0,,,,,,0.0,,,,,1.0,0.0,,,,,,,,,,,2,48016.0,41.65278240586471
13301,,,,,,,,0.0,,,,,,,,,,,,,,,,,0,26595.0,0.0
13303,,,,,,,,,,,,,,0.0,,,,,,,,,,,0,38086.0,0.0
13305,1.0,1.0,1.0,,0.0,,,,,,,,,,1.0,,,,,,,,0.0,,0,38813.0,0.0
13313,,,,,1.0,,,,,0.0,0.0,,0.0,,,,,,,,,0.0,,,4,155853.0,25.66521016598975
13317,,,,,,,,0.0,,,,,,,,,,,,,,,,,1,18908.0,52.88766659614978
16001,,0.0,0.0,0.0,,0.0,1.0,0.0,0.0,0.0,0.0,0.0,,,,,,,,,,,,,6,539442.0,11.122604469062475
16005,,,,,,1.0,,1.0,,,,,,1.0,,,,,,,,,,1.0,4,89279.0,44.80336921336484
16011,,1.0,0.0,0.0,,,,,,,,,,,,,,,,,,,,,2,131476.0,15.211901791962031
16017,,,,,,,,,,0.0,,0.0,,,,,,,,,,,,,0,58057.0,0.0
16019,,0.0,0.0,,,0.0,,0.0,,,,,,,,,,,,,,,,,0,160819.0,0.0
16027,,1.0,1.0,0.0,,0.0,,1.0,,,,,1.0,,,,,,,,,,,,3,279979.0,10.715089345986664
16029,1.0,,,,1.0,,,,,,,,,,,,,,,1.0,,,1.0,,0,7107.0,0.0
16031,,,,,,0.0,0.0,0.0,,,,,,,,,,,,,,,,,1,45125.0,22.160664819944596
16039,,,,0.0,,,,,,,,,,,,,,,,,,,,,1,50983.0,19.614381264343017
16055,,1.0,0.0,0.0,,,,,,,,,,,,,,,,,,,,,0,182299.0,0.0
16059,,,,,,,,,,,,,,,0.0,,,,,,,,,,0,10371.0,0.0
16069,,1.0,,0.0,,1.0,0.0,,,0.0,0.0,0.0,,0.0,1.0,,,,,,,,0.0,,1,46218.0,21.636591804059023
16073,0.0,,,,0.0,,,,,0.0,,,,,,,,,,,,,,0.0,0,14943.0,0.0
16079,,,,,,0.0,,0.0,,,,,1.0,0.0,,,,,,0.0,,,0.0,,2,21395.0,93.4797849964945
16083,,,,,,,,0.0,,,,,,,,,,,,,,,,,0,92736.0,0.0
16085,,0.0,0.0,,,,,,,,,,,,,,,,,,,,,,0,11873.0,0.0
17001,0.0,1.0,,,,1.0,,,,,,,,,,,,,,,,,,,2,72339.0,27.64760364395416
17005,,0.0,,,,,,,,,,,,,,,,,,,,,,,1,54366.0,18.39384909686201
17007,,,,,,1.0,,0.0,,,,,,,,,,,,,,,,,1,224117.0,4.4619551395030275
17015,,,,,,1.0,,1.0,,,,,,,,,,,,,,,,,0,36012.0,0.0
17019,0.0,0.0,0.0,0.0,0.0,1.0,1.0,1.0,0.0,0.0,0.0,0.0,,,,,,,,,,,,,1,237880.0,4.203800235412813
17021,,0.0,1.0,,,1.0,,1.0,,,,,,,0.0,,,,,,,,,,0,53905.0,0.0
17023,,,,,,,,,,,,0.0,,,,,,,,,,,,,1,34176.0,29.260299625468164
17025,,,,,,,,,,0.0,,,0.0,,,,,,,,,,,,0,28735.0,0.0
17029,,,,,0.0,,,,,,,,,,,,,,,,,,,,1,74249.0,13.468194857843203
17031,1.0,1.0,1.0,1.0,1.0,1.0,1.0,1.0,1.0,1.0,1.0,1.0,1.0,,0.0,,,1.0,,0.0,,,,1.0,83,5764756.0,14.397834010667582
17033,,0.0,1.0,1.0,,1.0,1.0,,1.0,1.0,1.0,1.0,,,,,,,,,,,,,1,26407.0,37.868746923164316
17035,,,,,,0.0,,0.0,,,,,,,,,,,,,,,,,0,62864.0,0.0
17037,,,,,,1.0,,1.0,,0.0,1.0,0.0,,,,,,,,,,,,,2,179967.0,11.113148521673418
17041,,,,,,0.0,,0.0,,,,1.0,1.0,,,,,,,,,,,,0,27117.0,0.0
17043,1.0,,,1.0,0.0,1.0,,1.0,,1.0,1.0,1.0,0.0,,,,,,,,,,,,13,1308880.0,9.932155736201944
17045,,,,,,0.0,,1.0,,,,,0.0,,,,,,,,,,,,0,29719.0,0.0
17047,,,,,,0.0,,,,,,,,,,,,,,,,,,,0,7846.0,0.0
17049,,,,,,0.0,,,,,,,,,,,,,,,,,,,2,42858.0,46.66573335199963
17053,,1.0,,,,,0.0,,,0.0,0.0,0.0,,,0.0,,,,,,,,,,1,29405.0,34.007821799013776
17055,,,,,,,,,,,,,1.0,,,,,,,,,,,,1,55148.0,18.133023863059403
17063,,0.0,,1.0,,1.0,1.0,,,,0.0,0.0,0.0,,1.0,,,,,,,,,,2,96237.0,20.782027702442928
17073,,,,,,1.0,0.0,1.0,,0.0,0.0,0.0,,,1.0,,,,,,,,,,2,64908.0,30.812842792876072
17077,,,,,,,,,,0.0,,1.0,,,,,,,,,,,,,0,88552.0,0.0
17079,,0.0,1.0,,,,,,,,,,0.0,,,,,,,,,,,,0,27388.0,0.0
17081,,0.0,,,,,,,,,,,,,,,,,,,,,,,0,65398.0,0.0
17085,,1.0,,,,1.0,,,,,,,,,1.0,,,,,,,,,,1,35395.0,28.252578047746855
17089,,0.0,0.0,1.0,0.0,1.0,,1.0,1.0,1.0,1.0,1.0,0.0,,,,,,,,,,,,15,904651.0,16.580979847477092
17091,0.0,1.0,,1.0,1.0,0.0,,1.0,1.0,1.0,1.0,0.0,0.0,,,,,,,,,,,,1,137079.0,7.295063430576529
17093,,,,,,0.0,,0.0,,,,,,,,,,,,,,,,,1,465984.0,2.145996429061942
17095,,1.0,0.0,1.0,,0.0,,0.0,,1.0,,,,,,,,,,,,,,,0,64654.0,0.0
17097,,,,1.0,,1.0,,1.0,,1.0,1.0,1.0,,,,,,,,,,,,,9,922725.0,9.75371860521824
17099,0.0,,,,0.0,1.0,,1.0,1.0,1.0,1.0,1.0,1.0,,,,,,,,,,,,2,129036.0,15.499550513035123
17103,,,,,,0.0,,0.0,,,,,,,,,,,,,,,,,3,104140.0,28.80737468792011
17105,,,,,,1.0,,1.0,,,,,,,,,,,,,,,,,1,65032.0,15.377045147004551
17109,,,,,,0.0,,0.0,,,,,,,,,,,,,,,,,1,34754.0,28.773666340565118
17111,,1.0,,1.0,,1.0,,1.0,,1.0,1.0,1.0,0.0,,0.0,,,,,,,,,,8,424264.0,18.856183885505253
17113,0.0,1.0,1.0,,,,,,,,,,,,,,,,,,,,,,4,201949.0,19.806980970443032
17115,,,,1.0,,0.0,,0.0,,,,,,,,,,,,,,,,,1,116762.0,8.564430208458232
17119,0.0,1.0,1.0,1.0,1.0,1.0,1.0,1.0,1.0,1.0,1.0,1.0,0.0,1.0,0.0,,,,,,,,,,1,355276.0,2.8147130681498327
17121,,,,1.0,,,,,,,,,1.0,,,,,,,,,,,,0,50102.0,0.0
17123,,,,,,,,,,,,,,,,,,,1.0,,,,,,0,33061.0,0.0
17131,,,,,,1.0,,,,,,,,,,,,,,,,,,,0,65393.0,0.0
17133,,,,,,,,,,0.0,1.0,0.0,0.0,,0.0,,,,,,,,,,2,47270.0,42.31013327691982
17139,,,,,,1.0,,1.0,,,,,,,,,,,,,,,,,1,23389.0,42.755141305742015
17141,,,,,,1.0,0.0,1.0,,1.0,0.0,0.0,,,1.0,,,,,,,,,,3,133315.0,22.503094175449124
17143,,,,1.0,,1.0,0.0,1.0,,0.0,,1.0,,,0.0,,,,,,,,,,3,204000.0,14.705882352941178
17145,,,,,,0.0,,0.0,,,,,,,,,,,,,,,,,0,39554.0,0.0
17153,,,,,,,,0.0,,,,,,,,,,,,,,,,,0,8103.0,0.0
17155,,,,,,,1.0,,,0.0,1.0,0.0,,,1.0,,,,,,,,,,0,16837.0,0.0
17157,1.0,,1.0,,1.0,1.0,,1.0,,,,,,,,,,,,,,,,,2,39477.0,50.66241102414064
17161,0.0,,,1.0,0.0,0.0,,0.0,1.0,1.0,1.0,1.0,0.0,,0.0,,,,,,,,,,2,153815.0,13.002633033189221
17163,0.0,0.0,0.0,1.0,0.0,1.0,1.0,1.0,1.0,1.0,1.0,1.0,0.0,1.0,0.0,,,,,,0.0,,,,0,343553.0,0.0
17167,,0.0,,0.0,,,,,,0.0,0.0,,,,,,,,,,,,,,4,209992.0,19.04834469884567
17175,,,,,,,,,,,,0.0,,,,,,,,,,,,,0,26458.0,0.0
17177,,,,,,1.0,0.0,1.0,,0.0,0.0,0.0,,,,,,,,,,,,,0,54788.0,0.0
17179,,,,,0.0,0.0,0.0,0.0,,0.0,0.0,0.0,,,1.0,,,,,,,,,,4,161846.0,24.7148523905441
17183,,,,,,1.0,1.0,1.0,,0.0,,1.0,0.0,,1.0,,,,,,,,,,1,77715.0,12.86752879109567
17189,,,,0.0,,,,,1.0,0.0,0.0,0.0,,,,,,,,,,,,,0,39703.0,0.0
17195,,,,,1.0,0.0,,0.0,,,,,,,,,,,,,,,,,6,77319.0,77.60058976448221
17197,0.0,1.0,1.0,1.0,1.0,1.0,1.0,1.0,1.0,1.0,1.0,1.0,1.0,,0.0,,,,,,1.0,1.0,,,12,1061670.0,11.30294724349374
17199,,,,,,0.0,,0.0,,0.0,,,,1.0,,,,,,,,,,,0,117667.0,0.0
17201,0.0,,,1.0,,1.0,,1.0,,0.0,0.0,0.0,1.0,,,,,,,,,,,,4,338696.0,11.810000708600043
17203,,,,,,1.0,,1.0,,,,,,,,,,,,,,,,,0,94469.0,0.0
19001,,,,,,0.0,,0.0,,,,0.0,,,,,,,,,,,,,0,31459.0,0.0
19003,,,,,,,0.0,0.0,,,,0.0,,,0.0,,,,,,,,,,1,17963.0,55.669988309302454
19005,,,,,,,,,,,,1.0,,,1.0,,,,,,,,,,0,30519.0,0.0
19007,,,,,,0.0,,0.0,,,,,,,,,,,,,,,,,1,14712.0,67.97172376291462
19013,,,,1.0,1.0,1.0,1.0,1.0,,1.0,1.0,,0.0,,,,,,,,,,,,4,148293.0,26.973626536653786
19015,,,,,,0.0,,0.0,,,,,0.0,,,,,,,,,,,,1,79795.0,12.532113540948682
19019,,,,,,,0.0,,,,,0.0,,,,,,,,,,,,,0,37065.0,0.0
19021,,,,,,0.0,0.0,,,,,0.0,,,0.0,,,,,,,,,,0,28127.0,0.0
19023,,,,,,0.0,0.0,1.0,,,,0.0,,,,,,,,,,,,,0,77272.0,0.0
19025,,,,,,,,,,,,,1.0,,,,,,,,,,,,1,13201.0,75.75183698204681
19027,,,,,,,0.0,,,,,0.0,,,0.0,,,,,,,,,,1,31017.0,32.240384305380914
19029,,,,,,,0.0,,,0.0,0.0,0.0,,,,,,,,,,,,,0,17875.0,0.0
19031,,,,,,,,,,,,,1.0,,,,,,,,,,,,0,41892.0,0.0
19033,0.0,,,,0.0,0.0,0.0,,,1.0,0.0,0.0,1.0,,,,,,,,,,1.0,1.0,0,51250.0,0.0
19035,,,,,,,0.0,,,,0.0,0.0,,,0.0,,,,,,,,,,0,25512.0,0.0
19037,,,,,,0.0,0.0,0.0,,0.0,0.0,0.0,,,0.0,,,,,,,,,,0,29840.0,0.0
19039,,,,,,0.0,,0.0,,,,,1.0,,,,,,,,,,,,0,16248.0,0.0
19045,,0.0,,1.0,,,1.0,,,0.0,1.0,1.0,1.0,,1.0,,,,,,,,,,1,63677.0,15.704257424187697
19047,,,,,,,0.0,,,0.0,0.0,0.0,,,,,,,,,,,,,0,28114.0,0.0
19049,,,,,,0.0,,0.0,,,,,,,,,,,,,,,,,3,161918.0,18.52789683667041
19055,,,,,,1.0,,1.0,,,,,,,,,,,,,,,0.0,,1,36207.0,27.618968707708454
19057,,,,,,0.0,1.0,0.0,,1.0,1.0,0.0,0.0,,0.0,,,,,,,,,,0,44837.0,0.0
19059,,,,,,,0.0,,,0.0,0.0,0.0,,,0.0,,,,,,,,,,0,39098.0,0.0
19061,,0.0,0.0,1.0,,1.0,0.0,0.0,,0.0,0.0,0.0,,,,,,,,,,,,,1,112750.0,8.869179600886918
19063,,,,,,1.0,,1.0,,,,,,,,,,,,,,,,,1,11860.0,84.31703204047217
19065,,,,,,,,,,,,,1.0,,,,,,,,,,,,1,36224.0,27.60600706713781
19067,,,,,,,0.0,,,,,0.0,,,0.0,,,,,,,,,,1,29749.0,33.61457527984134
19069,,,,0.0,,0.0,,0.0,0.0,0.0,0.0,0.0,,,,,,,,,,,,,0,23015.0,0.0
19073,,,,,,0.0,0.0,0.0,,,0.0,0.0,,,0.0,0.0,,,,,0.0,0.0,,,0,27421.0,0.0
19075,,,,,,0.0,,0.0,,,,,,,,,,,,,,,,,0,71378.0,0.0
19077,,,,,,,0.0,,,,,0.0,,,,,,,,,,,,,0,28480.0,0.0
19079,,,,1.0,,,1.0,,,0.0,,1.0,,,,,,,,,,,,,1,40824.0,24.495394865765235
19081,,,,,,,,1.0,,,,,,,,,,,,,,,,,1,20590.0,48.56726566294317
19083,,,,,,,0.0,,,0.0,0.0,0.0,,,1.0,,,,,,,,,,1,19886.0,50.286633812732575
19085,,,,,,0.0,,,,,,,,,,,,,,,,,,,2,19800.0,101.01010101010101
19087,,0.0,0.0,,,1.0,,1.0,,,,,,,,,,,,,,,,,1,29079.0,34.38907802881805
19091,,,,,,,,,,,,,0.0,,,,,,,,,,,,1,18650.0,53.61930294906166
19093,,,,,,,0.0,,,0.0,0.0,0.0,,,,,,,,,,,,,2,12394.0,161.36840406648378
19097,,,,,,,,,,1.0,,,,,,,,,,,,,,,0,23788.0,0.0
19099,,,,,,1.0,,1.0,,1.0,1.0,,,,,,,,,,,,,,1,62549.0,15.987465826791794
19101,,,,,,1.0,,1.0,,,,,,,,,,,,,,,,,1,36181.0,27.638815953124567
19103,,,,,,,,,,0.0,1.0,1.0,,,,,,,,,,,,,3,234001.0,12.820458032230631
19109,,,,,,0.0,,0.0,,,,,1.0,,0.0,,,,,,,,,,1,21027.0,47.557901745375
19111,1.0,,,1.0,,1.0,,0.0,1.0,0.0,0.0,0.0,0.0,,1.0,,,,,,,,,,1,35580.0,28.10567734682406
19113,,1.0,0.0,,,1.0,,1.0,,1.0,1.0,1.0,,,1.0,,,,,,,,,,6,262100.0,22.89202594429607
19117,,,,,,0.0,,0.0,,,,,,,,,,,,,,,,,1,14474.0,69.0894016857814
19123,,,,,,0.0,,0.0,,,,,,0.0,,,,,,,,,,,0,72074.0,0.0
19125,,,,,,0.0,1.0,0.0,,1.0,1.0,1.0,,,,,,,,,,,,,1,51507.0,19.414836818296543
19127,,,,,,1.0,,1.0,,,,,,,,,,,,,,,,,2,48911.0,40.89059720717221
19131,,,,,,0.0,0.0,0.0,,0.0,0.0,0.0,,,0.0,,,,,,,,,,0,16687.0,0.0
19135,,,,,,0.0,,0.0,,,,,,,,,,,,,,,,,0,12432.0,0.0
19139,,,,1.0,,1.0,0.0,1.0,,0.0,0.0,0.0,,,1.0,,,,,,,,,,3,56728.0,52.883937385418136
19141,,,,,,,0.0,,,,,0.0,,,0.0,,,,,,,,,,1,20820.0,48.03073967339097
19143,,,,,,,0.0,,,,,0.0,,,,,,,,,,,,,1,18921.0,52.851329210929656
19145,,,,,,0.0,0.0,0.0,,0.0,0.0,0.0,,,1.0,,,,,,,,,,0,27211.0,0.0
19147,,,,,,,0.0,,,,,0.0,,,,,,,,,,,,,0,15105.0,0.0
19149,,,,,0.0,0.0,0.0,0.0,,0.0,0.0,0.0,,,,,,,,,,,,,3,67522.0,44.42996356742988
19151,,,,,,,,0.0,,,,,1.0,,,,,,,,,,,,1,15687.0,63.747051698858925
19153,,0.0,1.0,1.0,,1.0,,1.0,0.0,0.0,0.0,0.0,,,,,,,,,,,,,13,566593.0,22.9441592112857
19155,,1.0,,1.0,1.0,0.0,0.0,0.0,0.0,0.0,0.0,0.0,,,0.0,,,,,,,,,,2,119902.0,16.680288902603795
19161,,,,,,0.0,,0.0,,,,,,,,,,,,,,,,,0,31092.0,0.0
19163,,1.0,0.0,1.0,,1.0,,1.0,0.0,1.0,0.0,0.0,,,,,,,,,,,,,6,177844.0,33.73743280627966
19165,,,,,,,,0.0,,,,,,,,,,,,,,,,,0,34540.0,0.0
19167,,,,1.0,,0.0,0.0,0.0,,1.0,1.0,0.0,,,,,,,,,,,,,1,61516.0,16.255933415696727
19169,,,,,,,0.0,,,,0.0,0.0,,,0.0,,,,,,,,,,2,118406.0,16.891035927233418
19171,,0.0,,0.0,,,,,,,,,,,,,,,,,,,,,0,62559.0,0.0
19173,,,,,,,,,,1.0,,1.0,,,,,,,,,,,,,0,17987.0,0.0
19175,,,,,,,,,,,,,,,0.0,,,,,,,,,,0,17371.0,0.0
19177,,,,,,0.0,,0.0,,,,,,,,,,,,,,,,,0,9970.0,0.0
19179,,1.0,1.0,0.0,,,0.0,,,0.0,0.0,1.0,0.0,,1.0,,,,,,,,,,1,52872.0,18.913602663035256
19187,,,,,,,0.0,,,0.0,1.0,0.0,,,0.0,,,,,,,,,,0,61069.0,0.0
19189,,,,,,,,,,1.0,,,0.0,,,,,,,,,,,,0,19436.0,0.0
19191,,,,,,0.0,,0.0,,,,,,,,,,,,,,,,,0,36407.0,0.0
19193,,1.0,,,,0.0,,1.0,,,,,,,1.0,,,,,,,,,,1,114238.0,8.753654650816715
19195,,,,,,,0.0,,,,,0.0,,,0.0,,,,,,,,,,0,47735.0,0.0
19197,,,,,,,0.0,,,0.0,0.0,0.0,,,0.0,,,,,,,,,,1,27914.0,35.824317546750734
21005,0.0,,,,0.0,,,,,,,,,,,,,,,,,,,,0,85285.0,0.0
21007,,1.0,,,,,,,,,,,,,1.0,,,,,,,,,,0,10420.0,0.0
21009,,,,,,1.0,,1.0,,,,,,,,,,,,,,,,,2,61450.0,32.54678600488202
21015,1.0,0.0,1.0,0.0,1.0,1.0,,0.0,0.0,,,,0.0,,,,,,,,,,,,2,207106.0,9.656890674340676
21017,,,,,,,,,,1.0,0.0,1.0,,,,,,,,,,,,,1,156725.0,6.38060296698038
21019,1.0,1.0,1.0,1.0,,1.0,1.0,0.0,1.0,1.0,1.0,1.0,0.0,,,,,,,,,,,,2,52398.0,38.169395778464825
21021,,,,,,0.0,,0.0,,,,,,,,,,,,,,,,,0,52801.0,0.0
21033,,,,,,0.0,,0.0,,,,,,,,,,,,,,,,,0,40096.0,0.0
21035,,,,,,,,,,,,,0.0,,,,,,,,,,,,1,82724.0,12.088390309946327
21037,,,,,,0.0,,0.0,,,,,,,,,,,,,,,,,3,97267.0,30.842937481365723
21041,1.0,1.0,,,1.0,1.0,1.0,1.0,,1.0,,0.0,,,,,,,,,,,1.0,,0,23939.0,0.0
21047,,0.0,0.0,,,0.0,0.0,0.0,,1.0,0.0,0.0,,,,,,,,,,,,,0,93535.0,0.0
21053,,,,,,,,,,,,,1.0,,0.0,,,,,,,,,,0,33957.0,0.0
21059,,,,,,0.0,0.0,1.0,,1.0,1.0,1.0,1.0,,,,,,,,,,,,1,117861.0,8.484570807985678
21067,,0.0,0.0,0.0,,1.0,1.0,1.0,0.0,0.0,0.0,0.0,,,,,,,,,,,,,3,473534.0,6.335342340782288
21071,,,,0.0,,,0.0,,,0.0,0.0,0.0,,,,,,,,,,,,,1,74991.0,13.334933525356377
21073,,,,,,0.0,,0.0,,,,1.0,,,,,,,,,,,,,2,86858.0,23.026088558336593
21075,,1.0,1.0,0.0,,0.0,,,,,,,,,,,,1.0,,,,,,,0,7496.0,0.0
21077,0.0,0.0,,,1.0,,,,,,,,,,,,,,,,,,,,0,13961.0,0.0
21081,,,,,,,,,,0.0,0.0,,,,,,,,,,,,,,0,36452.0,0.0
21085,,,,,,,,0.0,,,,,,0.0,,,,,,,,,,,0,37089.0,0.0
21089,,,,,1.0,0.0,0.0,1.0,,,,,,,,,,,,,,,,,0,97522.0,0.0
21091,,1.0,,1.0,1.0,0.0,,,1.0,1.0,1.0,0.0,,,1.0,,,,,,,,,,0,18456.0,0.0
21093,,,,,,1.0,,0.0,,,,1.0,,,,,,,,,,,,,2,143152.0,13.97116351849782
21097,,,,,,,,,,1.0,1.0,1.0,,,,,,,,,,,,,0,45229.0,0.0
21099,,,,,,1.0,,1.0,,,,,,,,,,,,,,,,,2,30754.0,65.03219093451258
21101,,1.0,1.0,1.0,,1.0,,1.0,,0.0,,0.0,0.0,,,,,,,,,,,,1,92036.0,10.865313572949717
21103,,,,,,0.0,,1.0,,,,,,,,,,,,,,,,,0,101052.0,0.0
21107,,,,,,1.0,,1.0,,,,,0.0,,0.0,,,,,,,,,,0,62522.0,0.0
21111,1.0,1.0,0.0,1.0,1.0,1.0,1.0,1.0,1.0,1.0,1.0,1.0,1.0,,0.0,,,,0.0,,,,1.0,,9,860032.0,10.464726893883018
21113,1.0,,,,1.0,0.0,,0.0,,,,,,,,,,,,,,,,,1,124029.0,8.062630513831444
21117,,0.0,0.0,0.0,,0.0,1.0,0.0,0.0,0.0,0.0,0.0,0.0,,,,,,,,,,,,4,242176.0,16.516913319238903
21121,,,,,,0.0,,0.0,,,,,,,,,,,,,,,,,0,75219.0,0.0
21125,,,,,,0.0,,,,,,,0.0,,,,,,,,,,,,0,109572.0,0.0
21135,,,,,,,,,,1.0,,,1.0,,,,,,,,,,,,0,42796.0,0.0
21141,,,,,,1.0,,,,0.0,,0.0,,,,,,,,,,,,,0,34508.0,0.0
21143,,0.0,0.0,0.0,,,,,,,,,,,,,,,,,,,,,0,36252.0,0.0
21145,,1.0,1.0,0.0,1.0,1.0,1.0,1.0,0.0,0.0,0.0,0.0,1.0,,,,,,,,,,,,0,80154.0,0.0
21151,,0.0,,,1.0,0.0,,1.0,0.0,1.0,1.0,1.0,0.0,1.0,,,,,,,,,,,1,111685.0,8.953753861306351
21155,0.0,,,,,0.0,,0.0,,,,,,,,,,,,,,,,,0,63421.0,0.0
21157,1.0,1.0,0.0,1.0,0.0,,1.0,1.0,1.0,1.0,1.0,1.0,1.0,,0.0,,,0.0,1.0,,,,,,1,87089.0,11.48250640149732
21161,1.0,,,0.0,1.0,,,0.0,,,,,,,,,,,,,,,1.0,,0,39913.0,0.0
21163,,1.0,,,,0.0,,1.0,,0.0,0.0,,0.0,,,,,,,,,,,,0,49432.0,0.0
21167,,0.0,,,,,,0.0,,,,,,,,,,,,,,,,,1,76705.0,13.036959780979075
21173,,,,,,,,,,0.0,,,,,,,,,,,,,,,0,91208.0,0.0
21175,,1.0,0.0,,,,,,,,,,,,,,,,,,,,,,0,37460.0,0.0
21179,0.0,,,,0.0,0.0,,0.0,,,,,,,,,,,,,,,,,2,85202.0,23.473627379638977
21183,1.0,,,0.0,1.0,0.0,,0.0,,,,,,,,,,,,,,,1.0,,1,46652.0,21.43530823973249
21197,,1.0,0.0,,,,,,,,,,,,,,,,,,,,,,0,26477.0,0.0
21199,,1.0,0.0,0.0,,,,0.0,,,,,,,,,,,,,,,,,1,119332.0,8.379981899239096
21205,1.0,,,,,,,1.0,,1.0,1.0,,,,,,,,,,,,,,0,53371.0,0.0
21209,0.0,,,,,0.0,0.0,0.0,,1.0,1.0,0.0,1.0,,,,,,,,,,,,4,118318.0,33.80719755235889
21211,,,,,0.0,0.0,,0.0,,,,0.0,,,,,,,,,,,,,2,216855.0,9.222752530492727
21213,,,,,,0.0,,0.0,,0.0,,1.0,,,,,,,,,,,,,0,80986.0,0.0
21219,,1.0,0.0,,,,,0.0,,,,,,,,,,,,,,,,,0,88027.0,0.0
21221,,,,,,1.0,,1.0,,,,,,,,,,,,,,,,,2,33017.0,60.574855377532785
21223,1.0,1.0,,,1.0,,,,,,,,,,,,,,,,,,1.0,,1,13125.0,76.19047619047619
21225,,,,,,,,,,1.0,1.0,,,,,,,,,,,,,,2,16624.0,120.30798845043311
21227,,,,1.0,0.0,1.0,1.0,1.0,1.0,1.0,1.0,1.0,,,,,,,,,,,,,4,147700.0,27.081922816519974
21235,,0.0,0.0,,,0.0,,,,,,,,,,,,,,,,,,,0,65223.0,0.0
21239,,,,,,,,0.0,,,,0.0,,,,,,,,,,,,,1,144495.0,6.920654693934046
22001,,,,0.0,,,,,0.0,0.0,0.0,0.0,,,,,,,,,,,,,1,138389.0,7.226007847444522
22005,1.0,0.0,,1.0,1.0,1.0,1.0,1.0,0.0,1.0,1.0,1.0,0.0,,1.0,,0.0,,1.0,,,,,,4,130792.0,30.58291026974127
22007,,,,,,,1.0,,,,,,,,,,,,,,,,,,0,96094.0,0.0
22009,,0.0,,0.0,,,0.0,,0.0,0.0,0.0,0.0,,,,,,,,,,,,,1,86860.0,11.512779184895233
22011,,1.0,,,,,,,,,,1.0,,,1.0,,,,,,,,,,0,49989.0,0.0
22013,0.0,,,,,,1.0,0.0,,,,,,,,,,,,,,,,,0,48276.0,0.0
22015,,1.0,1.0,0.0,,0.0,1.0,0.0,,0.0,0.0,0.0,,,,,,,,,,,,,1,226486.0,4.415283946910625
22017,1.0,1.0,0.0,1.0,,1.0,1.0,1.0,1.0,1.0,1.0,1.0,,,1.0,,,,,,,,,,0,241940.0,0.0
22019,1.0,1.0,1.0,1.0,0.0,1.0,1.0,1.0,1.0,1.0,1.0,1.0,1.0,,,,,1.0,1.0,,,,,,6,230795.0,25.997096990836024
22023,,,,,,,0.0,,,,0.0,,,,,,,,,,,,,,0,40896.0,0.0
22031,,1.0,,,,,,,,0.0,,0.0,,,1.0,,,,,,,,,,0,28737.0,0.0
22033,1.0,1.0,1.0,1.0,0.0,0.0,1.0,1.0,1.0,1.0,1.0,1.0,1.0,,0.0,,,1.0,1.0,,,,,,2,485052.0,4.123269257729068
22039,,1.0,0.0,,,0.0,,0.0,,,,,,,,,,,,,,,,,0,106131.0,0.0
22045,,,,0.0,,1.0,,1.0,,1.0,0.0,1.0,,,,,,,,,,,,,2,145020.0,13.791201213625707
22047,1.0,0.0,0.0,1.0,0.0,,1.0,0.0,1.0,1.0,1.0,1.0,1.0,1.0,,,,0.0,1.0,,,,,,0,31671.0,0.0
22049,,,,,,,1.0,,,,,,,,1.0,,,,,,,,,,0,65376.0,0.0
22051,,0.0,0.0,0.0,,1.0,0.0,1.0,1.0,1.0,0.0,0.0,,,,,,,,,,,,,8,509436.0,15.703640889140146
22053,,0.0,,,,,,,,,0.0,0.0,,,,,,,,,,,,,2,76317.0,26.20648086271735
22055,,0.0,,1.0,,1.0,0.0,1.0,0.0,1.0,1.0,1.0,0.0,,,,,,,,,,,,1,348040.0,2.8732329617285366
22057,,,,1.0,,1.0,1.0,1.0,,1.0,1.0,0.0,,,1.0,,,,,,,,,,2,143110.0,13.975263783103907
22059,,,,,,,,,,,,,,,1.0,,,,,,,,,,0,26624.0,0.0
22061,,,,,,,1.0,,,,,,,,1.0,,,,,,,,,,0,76593.0,0.0
22063,,,,,,1.0,,1.0,,1.0,,,,,,,,,,,,,,,2,232870.0,8.588482844505517
22065,,,,,,,,,,,,,,,0.0,,,,,,,,,,0,16705.0,0.0
22067,,,,,,,,,,,,,,,1.0,,,,,,,,,,1,43021.0,23.24446200692685
22069,,,,,,0.0,,,,,,,,,1.0,,,,,,,,,,0,51517.0,0.0
22073,,1.0,,,,0.0,,0.0,,,,,,,1.0,,,,,,,,,,1,176868.0,5.653934007282268
22075,,1.0,1.0,1.0,,,1.0,,1.0,1.0,1.0,1.0,0.0,,,,,,,,,,,,0,23484.0,0.0
22079,,1.0,1.0,,,1.0,,1.0,,,,0.0,,,0.0,,,,,,,,,,1,175695.0,5.691681607330886
22081,,1.0,,0.0,,,0.0,,,0.0,,0.0,0.0,,,,,0.0,,,,,,,0,61283.0,0.0
22085,,,,,0.0,,,,,,,,,,,,,,,,,,0.0,,0,31829.0,0.0
22087,1.0,1.0,1.0,1.0,,1.0,1.0,,1.0,1.0,1.0,1.0,0.0,,,,,0.0,,,,,,,3,44789.0,66.98073187613029
22089,1.0,1.0,1.0,1.0,,1.0,1.0,,1.0,1.0,1.0,1.0,0.0,,1.0,,,0.0,,,,,,,1,84052.0,11.897396849569315
22093,,1.0,1.0,1.0,,1.0,1.0,,1.0,,1.0,1.0,1.0,,,,,,,,,,,,0,33479.0,0.0
22095,1.0,1.0,1.0,1.0,,1.0,1.0,0.0,1.0,1.0,1.0,1.0,0.0,,0.0,,,,,,,,,,0,50804.0,0.0
22097,1.0,1.0,,1.0,,,1.0,,1.0,1.0,1.0,1.0,,,,,,,,,,,,,1,148013.0,6.756163309979529
22099,,,,,,,,,,,,,1.0,,,,,,,,,,,,0,157486.0,0.0
22101,,1.0,1.0,1.0,,0.0,1.0,1.0,0.0,1.0,1.0,1.0,,,,,,,,,,,,,0,60572.0,0.0
22109,,,,,,1.0,,0.0,,1.0,,,,,,,,,,,,,,,0,162843.0,0.0
22111,,,,,,,,,,0.0,,,1.0,,,,,,,,,,,,1,34812.0,28.72572676088705
22113,,,,1.0,,,0.0,1.0,,1.0,1.0,1.0,,,,,,,,,,,,,0,169459.0,0.0
22117,,1.0,,,,,,,,,,,,,1.0,,,,,,,,,,1,82133.0,12.175374088368864
22119,,1.0,,,,0.0,1.0,,,1.0,1.0,1.0,0.0,,,,,,,,,,,,2,45057.0,44.38821936658011
22121,,1.0,1.0,1.0,,1.0,1.0,,0.0,1.0,1.0,1.0,0.0,,,,,,0.0,,,,,,1,43550.0,22.96211251435132
22125,,,,,,,,,,,,,,,1.0,,,,,,,,,,0,21873.0,0.0
22127,,,,,,,,,,,,,,,1.0,,,,,,,,,,0,47548.0,0.0
25001,,0.0,0.0,,,,,,,,,,,,,,,,,,,,,,6,292199.0,20.53395117710875
25003,,0.0,1.0,1.0,,,0.0,,,0.0,0.0,0.0,,,1.0,,,,,,,,,,1,132301.0,7.558521855465945
25005,1.0,,,,0.0,1.0,,1.0,,0.0,,1.0,1.0,,,,,,,1.0,,,,,13,604383.0,21.509539480759717
25009,,1.0,0.0,,,0.0,,1.0,,0.0,,1.0,,,,,,,,,,,,,12,930392.0,12.897789318910739
25011,,,,,,1.0,,1.0,,,,0.0,,,,,,,,,,,,,2,131249.0,15.238211338753057
25013,,,,,0.0,0.0,,0.0,,0.0,0.0,1.0,,,1.0,,,,,,,,,,9,493513.0,18.236601670067458
25015,,0.0,,,1.0,,0.0,,,0.0,0.0,1.0,,,,,,,,,,,,,1,220728.0,4.530462832082925
25017,1.0,1.0,1.0,,,0.0,,0.0,,1.0,1.0,1.0,0.0,,0.0,,,,,,,,,,17,1806159.0,9.412238900340446
25019,,0.0,0.0,0.0,,,0.0,,,0.0,0.0,0.0,,,,,,,,,,,,,0,14255.0,0.0
25021,,1.0,1.0,0.0,,1.0,1.0,1.0,0.0,1.0,0.0,1.0,0.0,,,,,,,,,,,,11,1175408.0,9.358452554347085
25023,,0.0,0.0,,,,,,,0.0,,1.0,,,0.0,,,,,,,,,,10,594082.0,16.832693129904627
25025,,0.0,0.0,1.0,,0.0,1.0,0.0,0.0,1.0,1.0,0.0,,,,,,,,,,,,,10,1116421.0,8.957194463378958
25027,,0.0,1.0,,0.0,1.0,,1.0,,1.0,0.0,1.0,0.0,,0.0,,,,,,,,,,12,967656.0,12.401101217788138
34001,,,,,,,,0.0,,,,,1.0,,,,,,,,,,,,6,390529.0,15.363775801540989
34003,,,,0.0,,1.0,,0.0,,0.0,0.0,1.0,,,,,,,,,,,,,22,1080755.0,20.356139920703583
34005,0.0,0.0,,,,,,0.0,,,,1.0,1.0,,,,,,,,,,,,6,623429.0,9.62419136742115
34007,,0.0,0.0,,0.0,0.0,,0.0,,,,,,,,,,,,,,,,,10,673950.0,14.837895986349135
34013,0.0,0.0,0.0,0.0,,0.0,0.0,0.0,0.0,0.0,0.0,0.0,,,0.0,,,,,,,,,,10,980532.0,10.198545279501332
34015,0.0,1.0,1.0,1.0,,1.0,1.0,,1.0,1.0,1.0,1.0,,,,,,,,,,,,,7,430017.0,16.278426201754815
34017,,1.0,0.0,,,,,0.0,,,,,,0.0,,,,,,,,,,,9,741311.0,12.140653517889254
34019,,,,,,1.0,,1.0,,,,,,,,,,,,,,,,,2,196401.0,10.183247539472815
34021,,,,,,0.0,,0.0,,0.0,,0.0,,,,,,,,,,,,,4,440405.0,9.082549017381728
34023,0.0,1.0,0.0,1.0,0.0,1.0,1.0,0.0,1.0,1.0,1.0,1.0,0.0,,0.0,,,,,0.0,0.0,,,,15,1212774.0,12.368339031014846
34025,,,,,,0.0,,1.0,,,,,,,,,,,,,,,,,16,823605.0,19.426788326928563
34027,,0.0,,0.0,,1.0,,1.0,,0.0,0.0,0.0,0.0,0.0,0.0,,,,,,,,,0.0,12,594313.0,20.19138063612945
34029,,,,,,,,,,1.0,1.0,1.0,,,,,,,,,,,,,13,737364.0,17.630369803787545
34031,,0.0,0.0,,,0.0,,0.0,,0.0,,1.0,0.0,,,,0.0,,,,,,,,10,672702.0,14.865423322659959
34033,,1.0,,,,,,,,1.0,,1.0,0.0,,,,,,1.0,,,,,,0,140861.0,0.0
34035,,0.0,,0.0,,0.0,,1.0,,0.0,,0.0,0.0,,0.0,,,,,,,,,,3,603840.0,4.968203497615263
34039,1.0,1.0,1.0,1.0,,,1.0,0.0,1.0,1.0,1.0,1.0,0.0,,,,,,,,,,,,14,860109.0,16.277006751469873
34041,,,,,,0.0,,,,,,1.0,,,,,,,,,,,,,4,191374.0,20.901480869919634
35001,,0.0,0.0,1.0,,0.0,1.0,1.0,1.0,1.0,1.0,1.0,0.0,,,,,,,,,,,,10,832179.0,12.016645457287435
35005,,0.0,0.0,,,,,,,,,,,,,,,,,,,,,,2,68083.0,29.37590881717903
35009,,,,0.0,,,,,,,0.0,0.0,,,,,,,,,,,,,1,67043.0,14.915800307265487
35013,,,,,0.0,,,,,,,,,,,,,,,,,,,,3,230955.0,12.989543417548873
35015,,1.0,1.0,1.0,,0.0,1.0,,1.0,1.0,1.0,1.0,,,1.0,,,0.0,,,,,,,2,65335.0,30.611463993265478
35017,,,,,,0.0,,0.0,,,,,,0.0,,,,,,,,,,,0,28820.0,0.0
35025,,1.0,1.0,0.0,,,1.0,,0.0,1.0,1.0,1.0,,,1.0,,,,,,,,,,3,74455.0,40.29279430528507
35035,,,,0.0,,,,,,,1.0,,,,,,,,,,,,,,2,74557.0,26.82511367141918
35045,1.0,1.0,1.0,1.0,1.0,,1.0,,1.0,1.0,1.0,1.0,,,1.0,,,,,,,,,,3,120514.0,24.89337338400518
36001,,0.0,1.0,1.0,0.0,0.0,1.0,0.0,0.0,1.0,0.0,1.0,0.0,,0.0,,,,,,,,,0.0,5,422481.0,11.834851744812193
36003,,,,,,1.0,,1.0,,1.0,,,,,,,,,,,,,,,1,82978.0,12.051387114656897
36005,,0.0,0.0,0.0,,,,,,0.0,0.0,,,,,,,,,,,,,,21,1606001.0,13.075956988818811
36007,,,,,,,,0.0,,0.0,,,,,,,,,,,,,,,7,226207.0,30.945107799493382
36009,,1.0,,,,,,1.0,,,,0.0,,,,,,,,,,,,,2,110804.0,18.049889895671637
36011,,,,,,1.0,,1.0,,,,,,,,,,,,,,,,,2,211550.0,9.454029780193808
36013,,0.0,1.0,,1.0,1.0,,1.0,,,,,,,,,,,,,,,,,1,133347.0,7.499231328788799
36015,,,,,,1.0,,1.0,,,,,,,,,,,,,,,,,1,124744.0,8.016417623292503
36017,,,,,,0.0,,0.0,,,,,,,,,,,,,,,,,1,63311.0,15.795043515344885
36019,,0.0,0.0,,,0.0,,0.0,,,,,,,,,,,,,,,,,0,87352.0,0.0
36021,,1.0,,,,,,,,,,,,,,,,,,,,,,,0,86080.0,0.0
36023,0.0,1.0,1.0,,0.0,,,,,,,,,,,,,,,,,,,,3,70331.0,42.65544354552046
36025,0.0,,,,,0.0,,0.0,,,,,,,,,,,,,,,,1.0,1,87832.0,11.385372073959378
36027,,1.0,,,,,,,,,,1.0,,,,,,,,,,,,,6,298563.0,20.09626109062409
36029,0.0,1.0,1.0,1.0,,1.0,0.0,1.0,0.0,0.0,0.0,1.0,1.0,,,,,,,,,,,,13,969113.0,13.414328360057084
36031,,1.0,1.0,,,,,,,,,,,,1.0,,,,,,,,,,0,55238.0,0.0
36035,,,,,,,,,,,,,0.0,,,,,,,,,,,,0,98870.0,0.0
36037,,,,,,1.0,,1.0,,,,,,,,,,,,,,,,,1,112642.0,8.877683279771311
36039,,0.0,,,,,,,,,,,,,,,,,,,,,,,0,75740.0,0.0
36043,,,,,,0.0,,0.0,,,,,0.0,,,,,,,,,,,,1,179710.0,5.564520616548884
36045,,0.0,0.0,0.0,,,0.0,,0.0,0.0,0.0,0.0,,,0.0,,,,,,,,,,0,135723.0,0.0
36047,,1.0,,,,0.0,1.0,,,0.0,0.0,0.0,,,,,,,,,,,,,42,2890441.0,14.530654664807203
36049,,0.0,0.0,,,,,,,0.0,,,,,,,,,,,,,,,1,92476.0,10.813616505904234
36051,,0.0,0.0,,,,,,,,,,,,,,,,,,,,,,1,108012.0,9.25823056697404
36053,,0.0,0.0,,,1.0,,1.0,,,,,,,,,,,,,,,,,0,107085.0,0.0
36055,,0.0,1.0,,,1.0,,1.0,,0.0,,0.0,,,,,,,,,1.0,1.0,,,13,832645.0,15.612896252304402
36057,,,,,,,,1.0,,1.0,0.0,1.0,,,,,,,,,,,,,2,81892.0,24.422410003419134
36059,,1.0,0.0,1.0,,1.0,1.0,0.0,0.0,1.0,1.0,0.0,,,,,,,,,,,,,27,1602229.0,16.851523721016157
36061,,0.0,0.0,,,,,,,,,,,,,,,,,,,,,,15,1756846.0,8.53802780664896
36063,0.0,1.0,0.0,0.0,,,,1.0,0.0,1.0,0.0,1.0,,,0.0,,,,,,1.0,1.0,,,8,244823.0,32.67666845026815
36065,,0.0,0.0,,,1.0,,1.0,0.0,0.0,,0.0,,,,,,,,,,,,,9,270580.0,33.261881883361674
36067,1.0,0.0,1.0,0.0,,1.0,,1.0,,0.0,,0.0,,,,,,,,,,,,,10,595326.0,16.797519342343524
36069,,0.0,,,,0.0,,0.0,,,,,,,,,,,,,,,,,4,239769.0,16.68272378831292
36071,,0.0,1.0,1.0,0.0,0.0,1.0,0.0,0.0,1.0,0.0,0.0,,,,,,,,,,,1.0,,13,436449.0,29.78583981175349
36073,,,,,,,,,,,,,,,0.0,,,,,,,,,,2,85067.0,23.510879659562463
36075,,0.0,0.0,,,,,1.0,,,,,,,,,,,,,,,,,2,136563.0,14.645255303413077
36077,,0.0,0.0,,,,,,,,,,,,,,,,,,,,,,0,97616.0,0.0
36079,,1.0,0.0,,,0.0,,0.0,,,,1.0,,,,,,,,,,,,,3,186009.0,16.128251858781024
36081,,1.0,0.0,1.0,,,,,1.0,0.0,1.0,,,,,,,,,,,,,,37,2682963.0,13.790723166886758
36083,,1.0,1.0,0.0,,,,,,1.0,1.0,1.0,,,,,,,,,,,,,2,187730.0,10.653598252809887
36087,,0.0,0.0,,,,,,,,,,,,,,,,,,,,,,11,342791.0,32.08952393732624
36089,,1.0,1.0,,,0.0,,1.0,,,,,,0.0,,,,,,1.0,,,,,0,123306.0,0.0
36091,,0.0,,,,,,,,0.0,1.0,1.0,,,0.0,,,,,,,,,,10,306708.0,32.60430115940895
36093,,0.0,0.0,0.0,,0.0,,0.0,,1.0,1.0,1.0,,,1.0,,,,,,,,,,4,239100.0,16.72940192388122
36097,,0.0,1.0,,,,,,,,,,,,,,,,,,,,,,0,72667.0,0.0
36099,,,,,0.0,0.0,,,,,,,,,,,,,,,,,,,1,76673.0,13.042400845147574
36101,,0.0,1.0,0.0,,,0.0,0.0,0.0,0.0,0.0,0.0,,,,,,,,,,,,,4,128332.0,31.169155004207834
36103,0.0,1.0,0.0,1.0,0.0,,1.0,0.0,1.0,1.0,1.0,1.0,0.0,,,,,,,,,,,,32,1615955.0,19.80253162990306
36109,,,,,,0.0,,0.0,,,,,,,,,,,,,,,,,1,146020.0,6.848376934666485
36111,,,,,,0.0,,0.0,,,,,,,,,,,,,,,,,4,227843.0,17.55594861373841
36113,,0.0,,,,,,,,,,,,,0.0,,,,,,,,,,2,81850.0,24.434941967012826
36117,,1.0,1.0,,,0.0,,0.0,,,,,,,,,,,,,,,,,4,220450.0,18.144704014515764
36119,,1.0,0.0,,0.0,0.0,,0.0,,,,0.0,,,,,,,,,,,,,19,1180268.0,16.09803875052107
36121,,0.0,0.0,0.0,,0.0,0.0,0.0,0.0,0.0,0.0,0.0,,,,,,,,,,,,,2,87973.0,22.734248007911518
36123,,,,,,,,,,,,,0.0,,,,,,,,,,,,0,84295.0,0.0
48001,,,,,,,,,,0.0,,,,,,,,,,,,,,,1,92245.0,10.840695972681447
48003,,,,,,0.0,0.0,,,,,,1.0,,,,,,,,,,,0.0,0,18588.0,0.0
48005,,1.0,,0.0,,0.0,,1.0,,,,0.0,,0.0,1.0,,,,,,,,,0.0,0,100984.0,0.0
48013,,0.0,0.0,0.0,,1.0,,1.0,,0.0,0.0,0.0,,1.0,,,,,,,,,,,1,113592.0,8.803436861750827
48015,,,,,,1.0,,1.0,,,,,,,,,,,,,,,,,0,69407.0,0.0
48021,,,,,,,,0.0,,,,,,,,,,,,,,,,,1,182888.0,5.467827304142426
48025,,,,0.0,,0.0,1.0,0.0,,1.0,1.0,1.0,,,,,,,,,,,,,1,60150.0,16.62510390689942
48027,1.0,0.0,0.0,,1.0,0.0,,,,1.0,1.0,1.0,1.0,,1.0,,,,,,,,,,6,437647.0,13.709679262053664
48029,1.0,1.0,1.0,1.0,1.0,0.0,1.0,1.0,1.0,1.0,1.0,1.0,0.0,,1.0,1.0,,,,,1.0,1.0,,,30,2181273.0,13.753436639980416
48037,,,,,,0.0,,0.0,,,,,,,,,,,,,,,,,1,94240.0,10.611205432937183
48039,1.0,1.0,1.0,1.0,1.0,1.0,1.0,1.0,1.0,1.0,1.0,1.0,0.0,0.0,0.0,0.0,,,1.0,,0.0,0.0,,0.0,2,495440.0,4.036815759728726
48041,,0.0,0.0,,,0.0,,0.0,,,,1.0,0.0,,,,,,,,,,,,4,262462.0,15.240301453162743
48049,,0.0,0.0,0.0,,,,,,1.0,1.0,1.0,1.0,,1.0,,,,,,,,,,3,50745.0,59.11912503694945
48051,,1.0,0.0,,,,,,,,,,,,,,,,,,,,,,0,28087.0,0.0
48053,,0.0,,,,0.0,,0.0,,,,,,,,,,,,,,,,,1,172500.0,5.797101449275362
48055,,,,,,1.0,,1.0,,,,1.0,,,,,,,,,,,,,2,251949.0,7.938114459672395
48057,0.0,1.0,1.0,1.0,,,1.0,0.0,0.0,1.0,1.0,1.0,0.0,,0.0,,,1.0,1.0,,,,,,0,28730.0,0.0
48061,,0.0,,1.0,,0.0,1.0,0.0,1.0,1.0,1.0,1.0,1.0,,,1.0,,,,,,1.0,,,8,457699.0,17.478736025204338
48063,,0.0,1.0,,,1.0,,,,,,,,,,,,,,,,,,,0,38096.0,0.0
48067,,,,,,,,,,1.0,,,,,1.0,,,,,,,,,,1,82148.0,12.173150898378537
48071,,0.0,0.0,1.0,,0.0,1.0,,,1.0,1.0,1.0,0.0,,0.0,,0.0,,,,,,,,0,159186.0,0.0
48073,,0.0,0.0,,1.0,,,1.0,,0.0,,,0.0,,,,,,,,,,,,1,67750.0,14.760147601476016
48081,,,,,,,0.0,,,,0.0,0.0,,,,,,,,,,,,,0,19642.0,0.0
48085,,,,,,0.0,,,,0.0,0.0,,,,,,,,,,,,,,22,1467211.0,14.994435019911927
48089,,,,,,,1.0,,,0.0,0.0,0.0,,,,1.0,,,,,0.0,1.0,,,1,57500.0,17.391304347826086
48091,0.0,0.0,,,1.0,,,,,,,,1.0,,,,,,,,,,,,4,451780.0,8.853866926380098
48097,,,,,0.0,,,,,,,,1.0,,,,,,,,,,,,0,99335.0,0.0
48103,,,,,,,1.0,,,0.0,0.0,0.0,,,1.0,,,,,,,,,,0,14184.0,0.0
48105,,,,,,,1.0,,,0.0,0.0,1.0,,,,,,,,,,,,,0,3027.0,0.0
48109,,,,,,,0.0,,,0.0,0.0,0.0,,,,,,,,,,,,,0,2222.0,0.0
48113,0.0,1.0,1.0,1.0,0.0,1.0,1.0,0.0,0.0,1.0,1.0,1.0,1.0,1.0,0.0,,,,,,,,,0.0,40,3140770.0,12.73573041005868
48117,,,,,,,0.0,0.0,,,,0.0,,,0.0,,,,,,,,,,1,52434.0,19.071594766754394
48121,,0.0,0.0,,,0.0,,0.0,,,,,,,,,,,,,,,,,15,1356995.0,11.053835865275849
48135,,0.0,,1.0,,0.0,1.0,1.0,0.0,1.0,1.0,1.0,,,,,,,,,,,,,3,208254.0,14.405485608919877
48139,1.0,1.0,1.0,1.0,1.0,0.0,1.0,1.0,1.0,1.0,1.0,1.0,1.0,,1.0,,,,,,,,,1.0,6,377662.0,15.88722190741986
48141,1.0,1.0,1.0,1.0,,1.0,1.0,,1.0,1.0,1.0,1.0,,1.0,,,,,,,,,,,22,865899.0,25.40712022995754
48143,,,,,,,,,,,,,1.0,,,,,,,,,,,,0,63556.0,0.0
48149,1.0,1.0,,0.0,1.0,,0.0,,,0.0,0.0,0.0,,,1.0,,,,,,,,,,0,62475.0,0.0
48157,,0.0,0.0,1.0,,1.0,,1.0,0.0,1.0,1.0,0.0,1.0,1.0,0.0,,,,,,,,,0.0,13,1319697.0,9.850746042462777
48161,,0.0,,,,,,,,,,,,,,,,,,,,,,,0,36251.0,0.0
48163,,,,,,,,,,0.0,0.0,0.0,,,,,,,,,,,,,0,34132.0,0.0
48165,,,,,,,1.0,,,,0.0,0.0,,,,,,,,,,,,,2,27466.0,72.81730139081046
48167,1.0,1.0,1.0,1.0,1.0,,1.0,,1.0,1.0,1.0,1.0,1.0,,1.0,1.0,0.0,1.0,,,1.0,1.0,,,10,472270.0,21.174328244436445
48173,,,,,,,1.0,,,0.0,1.0,1.0,,,1.0,,,,,,,,,,0,32833.0,0.0
48175,,0.0,,0.0,,,1.0,,,0.0,,0.0,,,1.0,,,,,,,,,,0,31531.0,0.0
48177,,,,1.0,,,1.0,,,0.0,1.0,1.0,,,1.0,1.0,,,,,1.0,1.0,,,0,47457.0,0.0
48179,,1.0,,,,1.0,,,,,,,0.0,,,,,,,,,,,,0,24156.0,0.0
48181,,1.0,,,,0.0,,1.0,,,,,0.0,,,,,,,,,,,,1,201244.0,4.969092246228459
48183,0.0,,,1.0,1.0,1.0,1.0,1.0,0.0,1.0,1.0,1.0,1.0,,1.0,,,0.0,,,,,,,3,167186.0,17.944086227315687
48185,,,,,,1.0,,1.0,,,,1.0,,,,,,,,,,,,,0,109404.0,0.0
48187,,,,0.0,,1.0,,1.0,,0.0,0.0,0.0,1.0,,,,,,,,,,,,1,391329.0,2.5553945656979162
48189,,,,,,,0.0,,,,,0.0,,,,,,,,,,,,,0,37173.0,0.0
48195,,,,,,,0.0,,,0.0,,0.0,,,,,,,,,,,,,0,10097.0,0.0
48199,,,,0.0,,1.0,1.0,1.0,,0.0,0.0,0.0,1.0,,,,,,,,,,,,0,61844.0,0.0
48201,1.0,1.0,1.0,1.0,1.0,1.0,1.0,1.0,1.0,1.0,1.0,1.0,1.0,0.0,1.0,,1.0,1.0,1.0,1.0,0.0,0.0,0.0,1.0,87,5212008.0,16.692223035728265
48203,,0.0,0.0,,,,1.0,,0.0,1.0,0.0,0.0,0.0,,,,,,,,,,,,1,144779.0,6.90707906533406
48209,,0.0,0.0,0.0,,1.0,0.0,1.0,0.0,0.0,0.0,0.0,,,,,,,,,,,,,4,466331.0,8.57759831535969
48213,,,,,,,,0.0,,,,,0.0,,,,,,,,,,,,3,126299.0,23.753157190476568
48215,0.0,,,,0.0,0.0,,0.0,,,,,0.0,,,,,,,,,,,,11,887117.0,12.399717286445869
48217,,0.0,,,,,,,,,,,,,,,,,,,,,,,1,53258.0,18.776521837094897
48219,,,,0.0,,,1.0,,,0.0,0.0,0.0,,,,,,,,,,,,,0,65340.0,0.0
48221,,,,,,,,1.0,,0.0,,0.0,,,,,,,,,,,,,0,134375.0,0.0
48223,,,,,,,,,,,,,1.0,,,,,,,,,,,,0,67687.0,0.0
48225,,,,,,0.0,1.0,,,,,,,,,,,,,,,,,,0,37743.0,0.0
48227,,1.0,1.0,1.0,,,1.0,,1.0,1.0,1.0,1.0,1.0,,1.0,,,,,,,,,,2,33458.0,59.776436128878
48231,,,,,,1.0,,1.0,,,,,,,,,,,,,,,,,3,189439.0,15.836232243624595
48233,1.0,1.0,1.0,1.0,1.0,,1.0,,1.0,1.0,1.0,1.0,,,1.0,,,0.0,,,,,,,2,25613.0,78.08534728458206
48235,,,,,,,1.0,,,0.0,0.0,0.0,,,,,,,,,,,,,0,69208.0,0.0
48239,,0.0,,0.0,,,1.0,,0.0,1.0,0.0,1.0,,,,,,,,,,,,,0,39732.0,0.0
48241,,1.0,1.0,,,,1.0,,,,,,,,1.0,,,,,,,,,,0,89777.0,0.0
48245,1.0,1.0,1.0,1.0,0.0,1.0,1.0,0.0,1.0,1.0,1.0,1.0,1.0,,0.0,0.0,,1.0,,,1.0,0.0,0.0,,3,262427.0,11.431750543960797
48251,,1.0,,,0.0,1.0,1.0,0.0,,1.0,0.0,1.0,0.0,,1.0,,,,,,,,,,4,381744.0,10.478226245861102
48255,,,,,,,1.0,,,,1.0,0.0,1.0,,1.0,1.0,,,,,1.0,1.0,,,0,17141.0,0.0
48257,,1.0,,,,,,0.0,,0.0,0.0,0.0,,1.0,,,,,,,,,,,1,295943.0,3.3790290697870873
48273,,,,,,,0.0,,,,,0.0,,,,,,,,,,,,,0,31015.0,0.0
48277,,1.0,,,,1.0,,1.0,,,,,,,,,,,,,,,,,2,57346.0,34.876015763959124
48279,,0.0,1.0,,,,,,,,,,,,,,,,,,,,,,0,27840.0,0.0
48283,,,,,,,0.0,,,0.0,0.0,0.0,,,,,,,,,,,,,0,12637.0,0.0
48285,,,,,,0.0,1.0,0.0,,0.0,0.0,1.0,,,1.0,0.0,,,,,,0.0,,,0,32652.0,0.0
48287,,,,,,,,,,,,,1.0,,,,,,,,,,,,0,71489.0,0.0
48289,1.0,0.0,,0.0,1.0,1.0,0.0,1.0,0.0,0.0,0.0,0.0,,,,,,,,,,,,,0,29560.0,0.0
48291,,,,,,1.0,,,,0.0,0.0,0.0,,,,,,,,,,,,,1,158807.0,6.296951645708313
48293,,,,,,1.0,,,,,,,,,,,,,,,,,,,0,38546.0,0.0
48297,,1.0,1.0,1.0,,,1.0,,1.0,1.0,1.0,1.0,0.0,,,,,0.0,,,,,,,0,62699.0,0.0
48301,,,,,,,1.0,,,0.0,1.0,1.0,,,,,,,,,,,,,0,57.0,0.0
48303,,0.0,0.0,0.0,,0.0,0.0,0.0,0.0,1.0,0.0,0.0,1.0,,,,,,,,,,,,7,319443.0,21.91314256377507
48309,0.0,0.0,1.0,0.0,1.0,1.0,0.0,1.0,0.0,1.0,0.0,0.0,1.0,,,,,,,,,,,0.0,4,272728.0,14.66662755565985
48315,,,,,,,,,,,,,,,1.0,,,,,,,,,,1,25259.0,39.58984916267469
48317,,,,,,,1.0,,,0.0,1.0,1.0,1.0,,,,,,,,,,,,0,93073.0,0.0
48321,,,,,,0.0,1.0,,,0.0,,0.0,,,0.0,,,,,,,,,,0,64651.0,0.0
48325,,0.0,,,,,,,,,,,,,,,,,,,,,,,0,242550.0,0.0
48329,,0.0,0.0,0.0,,,1.0,,0.0,1.0,1.0,1.0,,,0.0,0.0,,,,,0.0,0.0,,,4,202918.0,19.712396140312833
48335,,,,0.0,,,,,,,,,,,,,,,,,,,,,0,10794.0,0.0
48337,,,,,,,1.0,,,,0.0,0.0,,,1.0,0.0,,,,,1.0,0.0,,,0,47621.0,0.0
48339,,,,0.0,,1.0,1.0,1.0,1.0,1.0,1.0,1.0,0.0,,0.0,,,,,,,,,,15,725605.0,20.67240440735662
48341,,1.0,1.0,1.0,,,1.0,0.0,1.0,1.0,1.0,1.0,0.0,,1.0,,,1.0,,,,,,,2,39705.0,50.37148973680896
48343,,1.0,0.0,1.0,0.0,,0.0,,,,,0.0,,,,,,1.0,,,,,,,0,59326.0,0.0
48347,,,,,,,,0.0,,,,1.0,,0.0,1.0,,,,,,,,,,0,62947.0,0.0
48349,,1.0,,1.0,,0.0,,0.0,,0.0,1.0,0.0,1.0,,,,,,,,,,,,0,88482.0,0.0
48353,,,,,1.0,,,,,,,,,,1.0,,,,,,,,,,1,21906.0,45.649593718615904
48355,1.0,1.0,1.0,1.0,1.0,1.0,1.0,0.0,1.0,1.0,1.0,1.0,1.0,,1.0,0.0,,1.0,,,0.0,0.0,0.0,0.0,6,378690.0,15.844094113919036
48361,1.0,1.0,1.0,1.0,,0.0,1.0,1.0,0.0,0.0,1.0,1.0,0.0,,1.0,,,,,,,,,,2,87259.0,22.920271834423957
48363,,1.0,1.0,1.0,,1.0,,1.0,,0.0,1.0,0.0,0.0,,,,,,,,,,,,2,50162.0,39.87081854790479
48365,,,,,,,1.0,,,0.0,0.0,1.0,,,1.0,,,,,,,,,,0,73200.0,0.0
48367,,,,,,1.0,0.0,0.0,,0.0,0.0,0.0,,,,,,,,,,,,,3,302264.0,9.925098589312654
48371,,,,,,,1.0,,,,0.0,0.0,,,1.0,,,,,,,,,,0,18043.0,0.0
48373,,,,,,,1.0,,,0.0,,0.0,,,,,,,,,,,,,0,83014.0,0.0
48375,,1.0,1.0,,0.0,1.0,,,,1.0,,,,,,,,,,,,,,,2,200114.0,9.994303247149125
48381,,,,,,0.0,,0.0,,,,,1.0,,,,,,,,,,,,3,191908.0,15.632490568397358
48383,,,,,,,1.0,,,0.0,0.0,0.0,,,,,,,,,,,,,0,4264.0,0.0
48389,,0.0,,0.0,,,1.0,,0.0,1.0,1.0,1.0,,,1.0,,,,,,,,,,0,14742.0,0.0
48395,,1.0,,,,1.0,,1.0,,,,,,1.0,,,,,,,,,,,0,48370.0,0.0
48397,,,,,,,,,,,,,0.0,,,,,,,,,,,,4,332886.0,12.0161256406097
48399,,,,,,1.0,,,,,,,,,,,,,,,,,,,0,13347.0,0.0
48401,,1.0,0.0,0.0,,1.0,,1.0,,,,,0.0,1.0,,,,,,,,,,,0,110382.0,0.0
48407,,,,,,,,,,1.0,,0.0,,,,,,,,,,,,,1,136077.0,7.3487804698810235
48409,,0.0,1.0,1.0,0.0,1.0,1.0,1.0,1.0,1.0,1.0,1.0,0.0,1.0,0.0,,,,1.0,,,,,,2,73557.0,27.189798387644956
48415,,,,,,,1.0,,,,0.0,,,,,,,,,,,,,,0,29439.0,0.0
48419,,,,,,,0.0,,,,,,,,,,,,,,,,,,0,26862.0,0.0
48423,0.0,1.0,1.0,1.0,,0.0,1.0,0.0,1.0,1.0,1.0,1.0,,,,,,,,,,,,,4,308804.0,12.95320008808176
48431,,,,,,,1.0,,,0.0,0.0,1.0,,,,,,,,,,,,,0,1372.0,0.0
48435,,,,0.0,,,,,1.0,0.0,1.0,0.0,,,,,,,,,,,,,0,6461.0,0.0
48439,0.0,1.0,1.0,1.0,,1.0,1.0,1.0,1.0,1.0,1.0,1.0,1.0,,0.0,,0.0,,,,,1.0,,,21,2450169.0,8.570837358565878
48441,,,,,,0.0,,0.0,,1.0,,0.0,1.0,,,,,,,,,,,,0,155296.0,0.0
48445,,0.0,0.0,,,,,,,,,,,,,,,,,,,,,,0,19516.0,0.0
48449,,0.0,0.0,,,0.0,,0.0,,,,,,,,,,,,,,,,,0,46731.0,0.0
48451,,,,,,1.0,,1.0,,,,,,,,,,,,,,,,,1,123080.0,8.124796880077998
48453,,1.0,1.0,1.0,,1.0,1.0,0.0,0.0,0.0,1.0,1.0,,,,,,,,,,,,,14,1833841.0,7.6342496432351545
48459,,,,,,,1.0,,,0.0,,0.0,,,,,1.0,,,,,,,,1,154667.0,6.4655033071049415
48461,,,,,,,1.0,,,0.0,0.0,1.0,,,1.0,,,,,,,,,,0,3278.0,0.0
48465,,,,0.0,,,,,,,,,,,,,,,,,,,,,3,50934.0,58.89975262103899
48467,,,,,,1.0,,1.0,,,,,,,,,,,,,,,,,0,134294.0,0.0
48469,1.0,0.0,,0.0,,,0.0,,,0.0,,0.0,1.0,,,,,,,,,,,,5,118827.0,42.07797891051697
48471,,,,,,1.0,,1.0,,1.0,,,,,,,,,,,,,,,0,135367.0,0.0
48473,,,,0.0,,1.0,,1.0,,0.0,0.0,0.0,,,0.0,,,,,,,,,,3,303842.0,9.873552701733137
48475,,,,0.0,,,1.0,,,0.0,0.0,0.0,,,1.0,,,,,,,,,,0,11618.0,0.0
48477,,,,,,1.0,,0.0,,0.0,,0.0,,,,,,,,,,,,,0,54506.0,0.0
48479,,0.0,,0.0,,0.0,1.0,0.0,0.0,0.0,,0.0,,,,,,,,,,,,,5,268453.0,18.62523421232022
48481,,,,1.0,,,,,1.0,,,,,,,,,,,,,,,,2,49942.0,40.04645388650835
48483,,,,,,,0.0,,,0.0,,0.0,,,,,,,,,,,,,0,9435.0,0.0
48485,,,,0.0,,1.0,,1.0,,0.0,,0.0,,,,,,,,,,,,,1,135285.0,7.391802491037439
48491,,1.0,1.0,,,0.0,,0.0,,,,,,,,,,,,,,,,,6,905101.0,6.629094432555041
48493,,,,,,,,0.0,,,,,1.0,,,,,,,,,,,,1,143505.0,6.968398313647608
48495,,,,,,,1.0,,,0.0,0.0,0.0,,,1.0,,,,,,,,,,0,7784.0,0.0
48497,,,,,,,1.0,0.0,0.0,0.0,0.0,0.0,0.0,,1.0,,,,,,,,,,0,191603.0,0.0
48499,,,,,,,1.0,,,,,,,,,,,,,,,,,,1,67955.0,14.715620631300125
48501,,,,0.0,,,1.0,,,0.0,0.0,0.0,,,,,,,,,,,,,0,11272.0,0.0
48503,,,,,,,,,,1.0,,1.0,,,,,,,,,,,,,0,33593.0,0.0
49003,1.0,1.0,,,1.0,0.0,,,,1.0,,,0.0,,,,,,,,,,,,2,57577.0,34.736092536950515
49005,,0.0,,,,,,0.0,,,,,,,0.0,,,,,,,,,,1,137634.0,7.265646569888254
49007,1.0,,,,,,,1.0,,,,,,,,,,,,,,,,,1,20393.0,49.03643407051439
49011,,1.0,1.0,1.0,,1.0,1.0,1.0,1.0,1.0,1.0,1.0,0.0,,,,,0.0,,,,,,,14,433570.0,32.290056968886226
49013,,0.0,,1.0,,,1.0,,1.0,0.0,0.0,1.0,,,1.0,,,,,,,,,,0,22006.0,0.0
49015,1.0,,,0.0,1.0,,,,,,,,,,,,,,,,,,,,0,22970.0,0.0
49019,,0.0,,,,,,,,,,,,,,,,,,,,,,,0,11251.0,0.0
49021,,0.0,0.0,,,,,,,,,,,,,,,,,,,,,,3,59518.0,50.404919520145164
49023,,0.0,,,,,,,,,,,,,,,,,,,,,,,0,26929.0,0.0
49027,,1.0,,,,1.0,,1.0,,,,,,,,,,,,,,,,,0,12933.0,0.0
49029,,0.0,,,,,,1.0,,,,,,,,,,,,,,,,,0,36944.0,0.0
49035,1.0,1.0,1.0,1.0,1.0,1.0,1.0,0.0,1.0,1.0,1.0,1.0,1.0,,0.0,,,0.0,,1.0,,,1.0,,26,1188522.0,21.875909743361923
49037,,,,0.0,,,0.0,,0.0,0.0,0.0,0.0,,,,,,,,,,,,,1,23452.0,42.64028654272557
49039,,,,,,,,1.0,,,,,,,,,,,,,,,,,0,28569.0,0.0
49045,0.0,1.0,1.0,0.0,0.0,,0.0,,,0.0,0.0,0.0,0.0,1.0,0.0,,,,0.0,1.0,,,0.0,,5,72755.0,68.72379905161158
49047,,,,0.0,,,0.0,1.0,,0.0,0.0,0.0,,,,,,,,,,,,,0,47692.0,0.0
49049,,0.0,0.0,0.0,,0.0,0.0,1.0,0.0,0.0,0.0,0.0,,,,,,,,,,,,,9,709568.0,12.683773789122396
49053,,0.0,0.0,,,0.0,,0.0,,,,,,,,,,,,,,,,,5,203923.0,24.51905866429976
49057,,,,0.0,,1.0,,1.0,,,,,,,,,,,,,,,,,6,274667.0,21.844633683696987
53009,,,,,,,,,,,,,0.0,,,,,,,,,,,,0,78399.0,0.0
53027,,,,,,,,,,,,,0.0,,0.0,,,,,,,,,,0,91645.0,0.0
53031,,1.0,,,,,,,,,,,,,,,,,,,,,,,0,68190.0,0.0
53033,1.0,1.0,0.0,1.0,1.0,1.0,1.0,1.0,1.0,1.0,1.0,1.0,1.0,,0.0,,,,,,,,,,30,2405602.0,12.470890862245708
53035,,,,,,1.0,,1.0,,1.0,,,0.0,,,,,,,,,,,,5,297479.0,16.80790912972008
53053,,1.0,1.0,1.0,0.0,1.0,1.0,1.0,0.0,1.0,1.0,1.0,0.0,1.0,1.0,,,,,,,,,,14,1101655.0,12.708152733841356
53057,,1.0,0.0,1.0,,1.0,1.0,,1.0,1.0,1.0,1.0,0.0,,0.0,,,0.0,,,,,,,2,191238.0,10.458172538930548
53061,0.0,0.0,,0.0,0.0,0.0,0.0,0.0,,1.0,1.0,1.0,1.0,1.0,0.0,,,,0.0,,,,,,10,964471.0,10.368378105718056
53067,,,,,,1.0,,1.0,,,,,1.0,,,,,,,,,,,,3,322892.0,9.29103229562826
53073,,1.0,1.0,1.0,,1.0,1.0,1.0,1.0,1.0,1.0,1.0,1.0,,0.0,,,1.0,,,,,,,6,257017.0,23.34475929607769
